timestamp_ros,elapsed_time,ai_enabled,error_x,error_y,error_yaw,acc_x,acc_y,acc_z,gyro_z,linear_x,angular_z,yaw_odom,yaw_filtered,yaw_diff,acc_y_mul_gyro_z,gyro_z_mul_linear_x,cmd_linear_x,cmd_angular_z,delta_angular_z,delta_cmd_angular_z
1744469826.8270936,7.833305358886719,0,0.0,0.0,0.0,-0.27,0.11,8.82,0.2544444444444444,0.2571337861540497,0.620846163752118,0.0731563359709167,0.0731563359709167,0.0,0.027988888888888886,0.06542626336586375,0.2362331071852979,0.6,6.02375074690053,8.01788121721884
1744469827.0262842,8.032189130783081,0,0.0,0.0,0.0,-0.62,0.69,11.09,0.72,0.3060149948477642,0.6539417082712233,0.2088495397879422,0.11386429711602436,0.09498524267191785,0.49679999999999996,0.2203307962903902,0.26531317757616846,0.6,-2.5935029906144873,0.0
1744469827.2247238,8.230930089950562,0,0.0,0.0,0.0,-2.19,0.15,14.91,0.7666666666666667,0.35579302371601945,0.6485042685789584,0.352212359472877,0.18536871582308018,0.1668436436497968,0.115,0.2727746515156149,0.3,0.4662523999612381,1.385994320946948,-6.682606602255965
1744469827.4268115,8.432924509048462,0,0.0,0.0,0.0,-0.26,0.88,6.63,0.6033333333333334,0.36933831506119374,0.43960124784141513,0.4702064497485587,0.27082003600072374,0.19938641374783495,0.5309333333333334,0.2228341167535869,0.3,0.137107869151812,-4.615560075869009,-16.350236538782482
1744469827.626253,8.632391691207886,0,0.0,0.0,0.0,-0.52,-0.63,10.15,0.07888888888888888,0.36392216871468586,0.0621292648252817,0.5156341745046888,0.3442642775519133,0.17136989695277555,-0.049699999999999994,0.028709415531936327,0.3,-0.07283858822899505,1.7879656027419195,-11.054498807127326
1744469827.8241951,8.830408811569214,0,0.0,0.0,0.0,-0.32,-0.55,7.91,-0.12555555555555556,0.3630144893352014,-0.14819942410087245,0.49911500186609997,0.3907194948461693,0.10839550701993067,0.06905555555555556,-0.04557848588319751,0.3,-0.11160961449726362,-0.04855324817538192,-1.9478412016518205
1744469828.0259366,9.031999349594116,0,0.0,0.0,0.0,1.19,-1.73,6.94,-0.14444444444444443,0.3763140892699343,-0.11778218756470267,0.47433624290820403,0.41580451926477974,0.058531723643424294,0.24988888888888885,-0.05435647956121273,0.3,-0.1172785458210676,2.9686389479385973,-0.28293753141064476
1744469828.2261236,9.232205152511597,0,0.0,0.0,0.0,0.2,0.16,5.4,-0.043333333333333335,0.3861377633892978,-0.05879524375920658,0.4489675134989349,0.42575341753502627,0.02321409596390861,-0.006933333333333334,-0.01673263641353624,0.3,-0.02344883856237276,4.423422539627596,4.6753824350932325
1744469828.4331338,9.439364910125732,0,0.0,0.0,0.0,0.19,-1.4,13.45,0.034444444444444444,0.3671716701628217,0.05910207970416261,0.43952798627688167,0.4298857881575829,0.009642198119298784,-0.04822222222222222,0.012647024194497192,0.3,0.0545325153771347,2.960365063370888,3.9060093477661235
1744469828.6339629,9.640145778656006,0,0.0,0.0,0.0,-0.29,-0.65,7.69,0.05333333333333334,0.36256283833758374,0.02960300782522465,0.4507374248530708,0.43614127916622925,0.014596145686841533,-0.03466666666666667,0.0193366847113378,0.3,0.06798514870820294,-3.138046535451609,0.6750141618738225
1744469828.8255715,9.831779956817627,0,0.0,0.0,0.0,1.48,-0.94,7.91,0.028888888888888888,0.3793022322204301,0.030969767888724,0.4660766565889053,0.44512189239303207,0.02095476419587322,-0.027155555555555554,0.010957620041923535,0.3,0.10077877098526693,-5.7679612527471456,1.7214605710964646
1744469829.0248337,10.030986070632935,0,0.0,0.0,0.0,0.0,0.01,5.15,0.15222222222222223,0.38309249217411867,0.184994362418181,0.48731559283852904,0.45778000252668116,0.02953559031184788,0.0015222222222222223,0.05831519047539362,0.3,0.13793349160568183,3.506234193441129,1.9417637723919545
1744469829.227179,10.23337721824646,0,0.0,0.0,0.0,0.36,-1.38,9.42,0.16777777777777778,0.38483308063699756,0.12388992535620322,0.5168141154074514,0.4754902363909122,0.04132387901653917,-0.2315333333333333,0.06456643908465182,0.3,0.12480677983426722,-2.364835051600461,-0.6891308444900918
1744469829.4240186,10.430212497711182,0,0.0,0.0,0.0,-0.41,-0.64,12.14,0.11666666666666667,0.3699935210164496,0.155557503055421,0.5404129334625843,0.49496704551241383,0.045445887950170516,-0.07466666666666667,0.043165910785252455,0.3,0.16173690262497917,0.04451888977713598,1.9474975073120888
1744469829.6252694,10.631470203399658,0,0.0,0.0,0.0,-0.12,-0.96,7.76,0.12777777777777777,0.37098596992859695,0.14718745087420207,0.568731515128744,0.5170963863973129,0.05163512873143106,-0.12266666666666665,0.047403762824209605,0.3,0.09967575963001553,4.266070946997555,-3.09667376852387
1744469829.8241367,10.830323696136475,0,0.0,0.0,0.0,0.19,-0.6,9.7,0.11777777777777777,0.3781726193433172,0.1775458306777476,0.5941002445380129,0.5401975438395229,0.053902700698490014,-0.07066666666666666,0.044540330722657354,0.3,0.12787470082561528,3.709687236021935,1.4143658740609013
1744469830.0239704,11.030180215835571,0,0.0,0.0,0.0,0.54,-2.05,12.67,0.11,0.37017503183827755,0.21788734268417412,0.6235987671069352,0.5652179108197466,0.05838085628718859,-0.22549999999999998,0.04071925350221053,0.3,0.20649682192357488,3.765247067800073,4.148092744593026
1744469830.2267785,11.233004570007324,0,0.0,0.0,0.0,-0.4,-1.01,8.35,0.12777777777777777,0.37278648519128676,0.20706251905076756,0.6660766396061751,0.5954755294556752,0.07060111015049997,-0.12905555555555553,0.04763382866333108,0.3,0.24403485689182275,-1.4277816565078527,1.8821088079405874
1744469830.4255855,11.431738138198853,0,0.0,0.0,0.0,-0.3,-1.0,9.76,0.2633333333333333,0.3766143517919299,0.1872150878834368,0.7150441870705777,0.6313461267401459,0.08369806033043181,-0.2633333333333333,0.09917511263854153,0.3,0.1422896350209029,-0.43101144703326166,-5.381128441763907
1744469830.6244946,11.630693912506104,0,0.0,0.0,0.0,-1.21,0.02,10.69,0.23,0.37316118980732155,0.08883027728050202,0.7445427096395,0.6653051016099522,0.07923760802954782,0.0046,0.08582707365568396,0.3,0.002570033956014628,1.5091484186443425,-7.012402556238663
1744469830.832702,11.838735342025757,0,0.0,0.0,0.0,-0.55,-0.62,8.39,-0.07666666666666666,0.372008262441373,-0.08855582521877155,0.7421828278339827,0.6883684194771613,0.053814408356821386,0.04753333333333333,-0.028520633453838595,0.3,-0.1832922504658299,-1.339551745449219,-9.29955292980484
1744469831.0295358,12.03560495376587,0,0.0,0.0,0.0,-0.03,-1.84,11.29,-0.17666666666666667,0.36367662246675525,-0.20785763276301258,0.7008848962374974,0.6921233625052621,0.008761533732235316,0.32506666666666667,-0.06424953663579343,0.3,-0.11389010528584605,0.3800221803890448,3.4930963968726685
1744469831.2253487,12.231507778167725,0,0.0,0.0,0.0,1.1,-1.83,8.93,-0.17222222222222222,0.38180135121374414,-0.0935214577376349,0.6719763441199564,0.6860792569896704,-0.01410291286971399,0.31516666666666665,-0.06575467715347816,0.3,-0.04664610381431504,-0.2715673872163548,3.553058507785946
1744469831.4256258,12.431761264801025,0,0.0,0.0,0.0,-0.41,0.29,8.43,-0.07333333333333333,0.3645594951732241,-0.05868160888088816,0.6578170532868768,0.6776005958788324,-0.019783542591955583,-0.021266666666666666,-0.026734362979369767,0.3,-0.04592688257767311,0.015410495150619383,0.035768790800386335
1744469831.6260586,12.631733655929565,0,0.0,0.0,0.0,0.02,-0.97,10.12,-0.06555555555555556,0.3602870688395419,-0.08825157840531138,0.6454276738079251,0.6679487192575602,-0.02252104544963507,0.06358888888888889,-0.023618818957258862,0.2799457089159668,-0.06241404681459205,-2.8418514338665415,-0.8220951639688295
1744469831.8242126,12.83040475845337,0,0.0,0.0,0.0,-0.19,-1.59,9.05,-0.08555555555555555,0.3077240186059199,-0.08815202251787708,0.6300884420720908,0.6565906361019194,-0.026502194029828563,0.13603333333333334,-0.02632749936961759,0.23603877519087707,-0.06282800860082126,-1.440553628755667,-0.02061724842163896
1744469832.0305336,13.036750793457031,0,0.0,0.0,0.0,0.33,-1.79,8.12,-0.08666666666666667,0.23723734246330044,-0.029701075738897763,0.6106194171766113,0.6427992704243269,-0.03217985324771566,0.15513333333333335,-0.020560569680152706,0.17391023848423434,0.1684657084635086,1.4632210551655078,11.644095382022075
1744469832.2235103,13.229689836502075,0,0.0,0.0,0.0,0.12,-0.62,9.97,0.14888888888888888,0.18914087562912932,0.1997966996083481,0.6324483238776084,0.6396939864603114,-0.007245662582702983,-0.09231111111111111,0.028160974815892584,0.14193988053185985,0.22996282566117338,0.7904406781483122,3.4710554917930603
1744469832.4278047,13.433943271636963,0,0.0,0.0,0.0,0.11,-0.84,9.3,0.24444444444444444,0.12202430553617165,0.2499857731858845,0.6790559895365016,0.6515025873831685,0.02755340215333313,-0.2053333333333333,0.029828163575508625,0.0,0.4,-1.5211854025475378,9.006258530055538
1744469832.6374762,13.643665313720703,0,0.0,0.0,0.0,0.2,-0.51,9.8,0.3611111111111111,0.01049437891159968,0.41386283031740934,0.7528022959587916,0.6818924999558554,0.07090979600293612,-0.18416666666666667,0.003789636829188773,0.0,0.8128960339603993,0.04967547751082283,20.688721350698124
1744469832.825064,13.83125352859497,0,0.0,0.0,0.0,-0.39,-0.37,9.86,0.7666666666666667,-0.005251643882701911,0.6804947002993895,0.8772860611996277,0.7405105683289872,0.1367754928706405,-0.2836666666666667,-0.004026260310071465,0.0,0.3728960339603993,-1.2885527410540112,-22.065782199053043
1744469833.0249093,14.031094074249268,0,0.0,0.0,0.0,-0.41,-0.61,9.64,0.3388888888888889,0.005507887488540441,0.27927316843556266,0.971091362968787,0.8096848067209271,0.16140655624785982,-0.20672222222222222,0.0018665618711164829,0.0,0.0,1.3522953791624337,-19.61300804845744
1744469833.224708,14.230923175811768,0,0.0,0.0,0.0,-0.08,-0.58,9.87,0.0,0.0,0.0,0.9846606833504935,0.8621775697097971,0.12248311364069642,-0.0,0.0,0.0,0.0,0.0,0.0
1744469833.4263842,14.432561159133911,0,0.0,0.0,0.0,-0.03,-0.67,9.85,0.0,0.0,0.0,0.9846606833504935,0.8989225038020059,0.08573817954848761,-0.0,0.0,0.0,0.0,0.0,0.0
1744469833.6254778,14.631669521331787,0,0.0,0.0,0.0,-0.04,-0.66,9.86,0.0,0.0,0.0,0.9846606833504935,0.9246439576665522,0.06001672568394134,-0.0,0.0,0.0,0.0,0.0,0.0
1744469833.8253293,14.831509828567505,0,0.0,0.0,0.0,0.0,-0.67,9.85,0.0,0.0,0.0,0.9846606833504935,0.9426489753717346,0.04201170797875886,-0.0,0.0,0.0,0.0,0.0,0.0
1744469834.0241313,15.030324459075928,0,0.0,0.0,0.0,-0.02,-0.68,9.83,0.0,0.0,0.0,0.9846606833504935,0.9552524877653623,0.02940819558513119,-0.0,0.0,0.0,0.0,0.0,0.0
1744469834.224869,15.231066703796387,0,0.0,0.0,0.0,-0.05,-0.68,9.84,0.0,0.0,0.0,0.9846606833504935,0.9640749464409017,0.020585736909591756,-0.0,0.0,0.0,0.0,0.0,0.0
1744469834.4315486,15.43777084350586,0,0.0,0.0,0.0,-0.02,-0.65,9.82,0.0,0.0,0.0,0.9846606833504935,0.9702506675137792,0.014410015836714307,-0.0,0.0,0.0,0.0,0.0,0.0
1744469834.6258717,15.63197135925293,0,0.0,0.0,0.0,-0.03,-0.64,9.83,0.0,0.0,0.0,0.9846606833504935,0.9745736722647935,0.010087011085699982,-0.0,0.0,0.0,0.0,0.0,0.0
1744469834.8242283,15.83041501045227,0,0.0,0.0,0.0,-0.03,-0.66,9.85,0.0,0.0,0.0,0.9846606833504935,0.9775997755905035,0.0070609077599900205,-0.0,0.0,0.0,0.0,0.0,0.0
1744469835.025368,16.03151512145996,0,0.0,0.0,0.0,-0.02,-0.67,9.8,0.0,0.0,0.0,0.9846606833504935,0.9797180479185004,0.0049426354319931365,-0.0,0.0,0.0,0.0,0.0,0.0
1744469835.232171,16.23834490776062,0,0.0,0.0,0.0,-0.01,-0.66,9.84,0.0,0.0,0.0,0.9846606833504935,0.9812008385480984,0.00345984480239514,-0.0,0.0,0.0,0.0,0.0,0.0
1744469835.4243994,16.430572509765625,0,0.0,0.0,0.0,-0.05,-0.67,9.85,0.0,0.0,0.0,0.9846606833504935,0.9822387919888169,0.002421891361676587,-0.0,0.0,0.0,0.0,0.0,0.0
1744469835.625558,16.63172435760498,0,0.0,0.0,0.0,0.32,0.03,9.86,0.06333333333333334,0.020914800079907966,0.11782985960511531,0.9893804469615199,0.9843812884806278,0.004999158480892163,0.0019,0.001324604005060838,0.2,0.29810373253704553,2.93670054894841,14.884440767532828
1744469835.825044,16.831234216690063,0,0.0,0.0,0.0,0.38,0.27,8.28,0.2788888888888889,0.27789852750692995,0.3249411429791973,1.043657728488322,1.002164220482936,0.04149350800538598,0.0753,0.07750281156026602,0.3,0.2958841356288838,2.2708180288457074,-0.11113628342911688
1744469836.0246253,17.030794858932495,0,0.0,0.0,0.0,0.12,-0.31,7.12,0.23555555555555555,0.3597439332499802,0.26435561537057317,1.1073745372371935,1.0337273155092133,0.07364722172798022,-0.07302222222222222,0.08473968205443978,0.3,0.21229433043062393,-0.08379995799491877,-4.161683830521483
1744469836.2261438,17.232039213180542,0,0.0,0.0,0.0,0.32,-1.0,9.41,0.16666666666666666,0.3938515115508746,0.12327120862288946,1.1498524097364329,1.0685648437773791,0.08128756595905373,-0.16666666666666666,0.06564191859181243,0.3,0.034993817784519266,-0.02536138857919233,-9.261732023882622
1744469836.425465,17.431594848632812,0,0.0,0.0,0.0,-0.16,1.6,4.81,0.042222222222222223,0.3924725091519779,-0.09342729834962371,1.1533922324447048,1.0940130603775768,0.05937917206712795,0.06755555555555556,0.016571061497527958,0.3,-0.09245938145538443,-1.8548360989260597,-6.727714461353969
1744469836.6255755,17.631717681884766,0,0.0,0.0,0.0,0.04,-1.1,10.84,-0.10222222222222223,0.36739543226367904,-0.17741429324613395,1.1274335325840543,1.10403920203952,0.023394330544534325,0.11244444444444446,-0.03755597752028719,0.3,-0.16921839240626307,-1.132634640751267,-3.847172452259235
1744469836.8286316,17.83200216293335,0,0.0,0.0,0.0,0.77,-1.02,10.34,-0.17555555555555555,0.36488831303234287,-0.11746907461785308,1.0902653941472225,1.0999070596718306,-0.0096416655246081,0.17906666666666665,-0.06405817051012241,0.3,-0.0847444342857062,1.5129300449556613,4.204904528083979
1744469837.0239284,18.030144214630127,0,0.0,0.0,0.0,0.41,-1.94,11.87,-0.10666666666666667,0.35990200048259813,-0.0881572567008409,1.067846516994844,1.0902888968687345,-0.02244237987389064,0.20693333333333333,-0.038389546718143805,0.3,-0.058886696589417344,4.43598131440919,1.2879442885532864
1744469837.2321396,18.238382816314697,0,0.0,0.0,0.0,0.33,-1.74,9.1,-0.0077777777777777776,0.3714942001571493,-0.029477817905496886,1.0519173148076277,1.0787774222504025,-0.026860107442774783,0.013533333333333333,-0.0028893993345556054,0.3,0.08760101711200463,1.976794278187325,7.319244785618309
1744469837.432036,18.438071727752686,0,0.0,0.0,0.0,0.19,-2.81,10.9,0.05444444444444444,0.37130400333623637,0.08838817774322502,1.0654866351893266,1.0747901861320797,-0.009303550942753036,-0.15298888888888887,0.020215440181639534,0.3,0.08196994621423112,1.317882318201953,-0.2812118777779567
1744469837.6247575,18.630964517593384,0,0.0,0.0,0.0,-0.33,1.23,6.62,0.09333333333333334,0.3666243846369536,0.05901398545452606,1.0802358964737881,1.0764238992345923,0.0038119972391958967,0.1148,0.03421827589944901,0.3,0.008940878776482503,2.951546531776734,-3.6525018443445036
1744469837.8347914,18.841034173965454,0,0.0,0.0,0.0,0.17,-0.66,9.14,-0.10555555555555556,0.38252574051327676,-0.19591587222150578,1.0749261624113804,1.0759745781876286,-0.001048415776248257,0.06966666666666667,-0.04037771705417921,0.3,-0.18606674846931126,-7.869179357060865,-10.792796249703654
1744469838.025604,19.031746864318848,0,0.0,0.0,0.0,-0.28,0.84,4.01,-0.2588888888888889,0.3340088570868527,-0.2454443530340102,1.027728526301106,1.061500762621672,-0.03377223632056592,-0.21746666666666667,-0.08647118189026297,0.3,-0.24079046995538667,3.657134951539679,-2.5295678097812604
1744469838.2237349,19.22993493080139,0,0.0,0.0,0.0,-0.61,-0.38,13.01,-0.27666666666666667,0.3821961720217744,-0.4056787292326886,0.9651916584550134,1.0326080313716743,-0.06741637291666092,0.10513333333333334,-0.10574094092602426,0.3,-0.30812070870358693,-2.200523596972411,-3.5613837987102928
1744469838.4266675,19.43243432044983,0,0.0,0.0,0.0,0.43,-1.87,9.79,-0.43777777777777777,0.38615742457201957,-0.43510695726424736,0.8896754406785716,0.9897282541637435,-0.10005281348517192,0.8186444444444445,-0.16905113920152856,0.3,-0.3487725453915323,-2.746772765459826,-2.1414991362421
1744469838.6325839,19.638803482055664,0,0.0,0.0,0.0,-0.79,-0.4,7.29,-0.43666666666666665,0.36360681051755994,-0.5047002064748336,0.7988199911663031,0.9324557752645113,-0.1336357840982082,0.17466666666666666,-0.15877497392600118,0.3,-0.32439886065644424,-0.5032754679689749,1.2265224160662118
1744469838.8253276,19.8315486907959,0,0.0,0.0,0.0,0.08,-0.65,7.41,-0.3655555555555556,0.37820408142269213,-0.4014413601546041,0.7138642461678161,0.8668783165355027,-0.15301407036768666,0.23761111111111113,-0.1382546030978508,0.3,-0.27603014067554515,1.066213345061439,2.531704986594349
1744469839.026038,20.032245874404907,0,0.0,0.0,0.0,0.97,-1.27,13.17,-0.3688888888888889,0.3793307172745547,-0.27874884306728026,0.645427673807934,0.8004431237172321,-0.15501544990929816,0.4684888888888889,-0.13993088681683571,0.3,-0.04426702761382012,0.17232959644803772,12.167183420122232
1744469839.2306094,20.23681378364563,0,0.0,0.0,0.0,0.24,0.54,6.25,0.0022222222222222222,0.3609263854117427,0.029469392562056995,0.628908501169329,0.7489827369528612,-0.12007423578353227,0.0012000000000000001,0.0008020586342483171,0.3,0.18095304809974783,-0.0015618657374773172,11.24988346229824
1744469839.4246001,20.43079662322998,0,0.0,0.0,0.0,0.29,-0.34,5.57,0.17555555555555555,0.37269738069402564,0.325306184299159,0.6666666100575499,0.7242878988842678,-0.05762128882671791,-0.05968888888888889,0.06542909572184005,0.3,0.3338882116271768,4.524906226037112,7.666048020600531
1744469839.6244028,20.63060712814331,0,0.0,0.0,0.0,0.1,-1.39,11.27,0.4222222222222222,0.37455057208981335,0.4458050848121106,0.7457226505422477,0.7307183243816617,0.015004326160586001,-0.5868888888888888,0.15814357488236563,0.3,0.38776974012266735,0.2923176330855005,2.714399943485911
1744469839.825842,20.831944704055786,0,0.0,0.0,0.0,-0.03,-0.3,10.56,0.4488888888888889,0.3695571562741234,0.43986172141363883,0.8330382773462601,0.7614143102710413,0.07162396707521879,-0.13466666666666666,0.16589010126082873,0.3,0.3342801686677162,4.16900916481839,-2.658665918253095
1744469840.024101,21.030317544937134,0,0.0,0.0,0.0,0.32,-1.78,7.65,0.3477777777777778,0.3224246527155469,0.3422347814088093,0.9109143769282033,0.80626433026819,0.10465004666001332,-0.6190444444444445,0.11213212922218464,0.3,0.26476648623438676,0.8039755140654639,-3.101850251977142
1744469840.2242603,21.230477809906006,0,0.0,0.0,0.0,0.18,0.07,9.03,0.35555555555555557,0.36507411499910314,0.38750467401436434,0.9811208606422214,0.8587212893803995,0.12239957126182188,0.02488888888888889,0.1298041297774589,0.3,0.32201204877728745,0.34042982816194856,2.892312135830134
1744469840.4258215,21.431949615478516,0,0.0,0.0,0.0,0.53,-0.18,8.24,0.36,0.36204742210097535,0.4434138666275251,1.060766871578309,0.9193349640397723,0.14143190753853663,-0.0648,0.1303370719563511,0.3,0.44754307664881304,0.11853536910333919,6.28982895896082
1744469840.6244385,21.630629539489746,0,0.0,0.0,0.0,-0.36,-2.23,14.0,0.6166666666666667,0.3763006558777435,0.6477789068320183,1.1687314641805402,0.9941539140820026,0.1745775500985376,-1.3751666666666666,0.2320520711246085,0.3,0.5741661387611398,1.1523529226731517,6.319632740870077
1744469840.825186,21.831414461135864,0,0.0,0.0,0.0,-0.31,-1.08,9.42,0.7777777777777778,0.3629188539617596,0.7408019064332424,1.3115043134141098,1.0893590338816348,0.22214527953247498,-0.8400000000000001,0.28227021974803523,0.296406460441162,0.6,0.8065527173199057,1.297525626334843
1744469841.0270517,22.033231258392334,0,0.0,0.0,0.0,0.1,-1.46,10.51,0.7211111111111111,0.33733903800387244,0.7165825789967737,1.4619467785155809,1.2011353572718186,0.2608114212437622,-1.0528222222222223,0.2432589285161258,0.26580754913690374,0.6,-3.8352369968214486,0.0
1744469841.2262807,22.231916666030884,0,0.0,0.0,0.0,-0.76,-2.05,12.52,0.7666666666666667,0.34052524539863693,0.7673808347006329,1.6106193322629314,1.3239805497691526,0.28663878249377883,-1.5716666666666665,0.26106935480562166,0.26065922106837913,0.6,6.6813197067932135,0.0
1744469841.4256508,22.431878328323364,0,0.0,0.0,0.0,-0.06,-0.71,7.64,0.7911111111111111,0.310074797548558,0.8110608386587441,1.7622417382671807,1.455458906318561,0.30678283194861966,-0.5616888888888889,0.24530361761619254,0.26392416282769504,0.5999999999999999,4.236978809708395,-5.870296719921075e-15
1744469841.6256363,22.631829023361206,0,0.0,0.0,0.0,-0.37,-0.01,8.59,0.7311111111111112,0.3193917502643499,0.7374549763661497,1.915044085174169,1.5933344599752433,0.32170962519892576,-0.007311111111111112,0.23351085741549138,0.26710128149946494,0.6,0.13270365079682542,5.5510542433003836e-15
1744469841.8256717,22.831843376159668,0,0.0,0.0,0.0,-0.43,0.8,10.9,0.7011111111111111,0.3440171385055858,0.7047726269003374,2.063126668470155,1.7342721225237168,0.32885454594643804,0.5608888888888889,0.24119423821891628,0.3,0.42776197954253087,1.3093679125419733,-8.573073578392762
1744469842.0254724,23.031681299209595,0,0.0,0.0,0.0,-0.3,-0.35,12.04,0.5555555555555556,0.36808157721094414,0.41473980530842774,2.16696146791274,1.8640789261404238,0.302882541772316,-0.19444444444444445,0.2044897651171912,0.3,0.23808300064934237,-2.7579741391299812,-9.524492091221205
1744469842.2247775,23.23096752166748,0,0.0,0.0,0.0,-1.02,0.37,6.55,0.25666666666666665,0.382788744526094,0.20679307055230722,2.2259585130505686,1.9726428022134672,0.25331571083710136,0.09496666666666666,0.09824911109503079,0.3,0.0980015121921533,1.51861188529717,-7.014366096748468
1744469842.4262893,23.432394981384277,0,0.0,0.0,0.0,0.08,-1.69,9.49,0.021111111111111112,0.3570648220362352,4.0159693661160694e-13,2.2442475970433096,2.05412424066242,0.1901233563808895,-0.03567777777777778,0.007538035131876076,0.3,-0.017134684900955724,-4.406125059627294,-5.773332998737723
1744469842.6298754,23.635720014572144,0,0.0,0.0,0.0,0.16,0.35,7.91,-0.008888888888888889,0.36568251081643477,3.995382734692914e-13,2.242477685689173,2.110630274170446,0.13184741151872714,-0.003111111111111111,-0.003250511207257198,0.3,0.05716026246585916,-1.4714029384611023,3.706267928833002
1744469842.829529,23.834999084472656,0,0.0,0.0,0.0,-0.01,-0.64,8.03,0.012222222222222223,0.36121029828068824,-0.0294925738540569,2.2489673606543357,2.152131400115613,0.09683596053872279,-0.007822222222222223,0.004414792534541745,0.3,-0.030141840449651194,-1.4743313169536998,-4.364224872375681
1744469843.026501,24.032647132873535,0,0.0,0.0,0.0,-0.25,-1.33,11.21,-0.012222222222222223,0.36163269084938443,-0.029527061919266153,2.2401178038836473,2.1785273212460234,0.0615904826376239,0.016255555555555558,-0.004419955110381365,0.3,-0.04964841474939383,1.6204079542974617,-0.9762723299529589
1744469843.2235904,24.229832649230957,0,0.0,0.0,0.0,0.13,-0.27,8.06,-0.056666666666666664,0.3663971940845661,-4.0019700084759965e-13,2.228318394856076,2.1934646433290395,0.034853751527036625,0.015300000000000001,-0.02076250766479208,0.3,0.11855599265631356,-2.000319233313977e-11,8.407422108341732
1744469843.424283,24.430471897125244,0,0.0,0.0,0.0,-0.1,-0.24,8.75,0.17777777777777778,0.371454375398407,0.2063226048634548,2.2525071833625905,2.2111774053391047,0.04132977802348581,-0.042666666666666665,0.06603633340416125,0.3,0.15674400372315106,2.9077080087740215,1.9078558206837173
1744469843.6289468,24.63217520713806,0,0.0,0.0,0.0,0.15,-1.33,9.37,0.17555555555555555,0.3668080904845889,0.05904355581190506,2.281415735480132,2.2322489043814127,0.04916683109871922,-0.23348888888888888,0.0643951981072945,0.2984426209033419,0.07476299608942971,-1.4850207474918582,-4.102232951672588
1744469843.8244064,24.830604076385498,0,0.0,0.0,0.0,-0.08,-0.16,10.86,0.027777777777777776,0.33473642165496365,0.05893246860075118,2.293215144507695,2.2505387764192974,0.0426763680883977,-0.0044444444444444444,0.0092982339348601,0.25459047026720383,-0.0071814602399042915,4.414379039204985,-4.092738109504286
1744469844.0260773,25.032187700271606,0,0.0,0.0,0.0,-0.19,-2.01,9.22,-0.025555555555555557,0.2866617805386996,-0.06211522871943553,2.2873154399939297,2.2615717754916873,0.025743664502242414,0.051366666666666665,-0.007325801058211213,0.20192884271294906,-0.13462730198967635,-0.17367150720854213,-6.709172425564625
1744469844.2274334,25.233601808547974,0,0.0,0.0,0.0,-0.13,-0.75,9.17,-0.13666666666666666,0.21434863235733265,-0.20617525613318782,2.257816917424991,2.260445318071678,-0.0026284006466870125,0.1025,-0.02929431308883546,0.16395801839521307,-0.16208486621148585,-1.0084972234463208,-1.370787862091943
1744469844.424421,25.43062686920166,0,0.0,0.0,0.0,-0.18,-1.25,10.97,-0.13777777777777778,0.16735426098560732,-0.17678267005451934,2.223008660793684,2.2492143208882798,-0.026205660094595906,0.17222222222222222,-0.02305769818023923,0.13328886783140664,-0.1682708202134227,0.001156514048373299,-0.308937078659504
1744469844.6236403,25.62983798980713,0,0.0,0.0,0.0,0.17,-0.88,9.53,-0.1711111111111111,0.10478356003512451,-0.23613196627601651,2.1858405223568522,2.2302021813288517,-0.04436165897199951,0.15057777777777778,-0.01792963138378797,0.0,-0.4,-2.9661824174283007,-11.593380238746605
1744469844.8251164,25.831268310546875,0,0.0,0.0,0.0,-1.09,-2.38,9.61,-0.21555555555555556,0.005258874867011844,-0.32590210444257806,2.1244835954134818,2.1984866055542405,-0.07400301014075872,0.5130222222222222,-0.0011335796935558863,0.0,-0.4,-3.094714196090678,0.0
1744469845.0244644,26.030664682388306,0,0.0,0.0,0.0,-0.26,-0.63,9.68,-0.2833333333333333,-0.00582397188670482,-0.29529998298606897,2.0672564616297975,2.1591175623769074,-0.09186110074710996,0.1785,0.0016501253678996989,0.0,-0.4,-1.4339224466307106,0.0
1744469845.2250972,26.231277227401733,0,0.0,0.0,0.0,-0.31,-0.44,9.96,-0.31666666666666665,-0.010455533046911289,-0.2945220576658678,2.0088493869433335,2.1140371097468353,-0.10518772280350186,0.13933333333333334,0.0033109187981885746,0.0,-0.4,0.027350468806207444,0.0
1744469845.4251351,26.43121075630188,0,0.0,0.0,0.0,-0.34,-0.82,9.96,-0.36333333333333334,-0.005256734938276544,-0.38500030534660146,1.94513257819447,2.063365750281126,-0.11823317208665585,0.29793333333333333,0.001909947027573811,0.0,-0.7305845376984411,-0.6768706145703504,-16.59472262350215
1744469845.623546,26.62975788116455,0,0.0,0.0,0.0,0.28,-0.56,10.07,-0.7388888888888889,-0.010489115995979811,-0.7682169461908528,1.8218287538563964,1.990904651353707,-0.16907589749731056,0.41377777777777786,0.0077502912636961945,0.0,-0.7365924403671722,-4.519145372977232,-0.3008868188882189
1744469845.826229,26.83243155479431,0,0.0,0.0,0.0,-0.41,-1.39,9.47,-0.7466666666666667,0.005249949054751756,-0.7985837998953926,1.6696163774007653,1.8945181691678243,-0.22490179176705904,1.0378666666666667,-0.003919961960881312,0.0,-1.1343037212287683,2.8650992880050605,-19.938587143216427
1744469846.0244806,27.030664205551147,0,0.0,0.0,0.0,-0.67,-0.13,10.98,-1.2266666666666666,0.0,-1.2388357528292535,1.4513273103907776,1.7615609115347102,-0.3102336011439326,0.15946666666666667,-0.0,0.0,-1.1349143543061313,-1.3627832129493578,-0.030529499343392
1744469846.2248535,27.231061697006226,0,0.0,0.0,0.0,-0.15,-1.57,9.68,-1.3022222222222222,0.0,-1.3049677428904956,1.1958701049439426,1.5918536695574799,-0.39598356461353723,2.044488888888889,-0.0,0.0,-1.2,0.759200815540219,-3.271876120050052
1744469846.426482,27.432591915130615,0,0.0,0.0,0.0,0.0,-0.09,10.41,-1.3722222222222222,0.005494864360342494,-1.3930642040237713,0.9262536086640353,1.3921736512894465,-0.4659200426254112,0.1235,-0.007540174983358867,0.0,-1.2,-1.983179915418421,0.0
1744469846.6243703,27.630557775497437,0,0.0,0.0,0.0,0.31,-0.87,11.19,-1.4,-0.005260638470046794,-1.3929577920622949,0.6542772305786029,1.1708047250761933,-0.5165274944975904,1.218,0.007364893858065511,0.0,-1.2,-1.9252290894212554,0.0
1744469846.8243499,27.83053708076477,0,0.0,0.0,0.0,-0.23,-0.38,9.56,-1.3811111111111112,-0.005241929178308113,-1.3289397916773418,0.3846607342986958,0.9349615278429441,-0.5503007935442483,0.5248222222222223,0.007239686631818873,0.0,-1.2,-0.3706318782669715,0.0
1744469847.0256312,28.03184175491333,0,0.0,0.0,0.0,-0.08,-1.1,9.18,-1.3755555555555556,-0.0052553512064277864,-1.3323425593696367,0.11150441531050079,0.687924394083211,-0.5764199787727102,1.5131111111111113,0.0072290275483973335,0.0,-1.2,3.8870042007369707,0.0
1744469847.2253573,28.2314133644104,0,0.0,0.0,0.0,-0.76,0.42,7.77,-1.4055555555555554,0.0,-1.3598025243229122,-0.16224187412905952,0.43287451361952983,-0.5951163877485893,-0.5903333333333333,-0.0,0.0,-1.2,4.79987152616551,0.0
1744469847.4248955,28.431084632873535,0,0.0,0.0,0.0,-0.26,0.48,8.3,-1.3622222222222222,-1.425016744346599e-13,-1.360810423667071,-0.4318583704089666,0.1734546484109809,-0.6053130188199475,-0.6538666666666666,1.9411894761877003e-13,0.0,-1.2,-1.752034193534463,0.0
1744469847.6248975,28.631101369857788,0,0.0,0.0,0.0,-0.28,-0.42,9.41,-1.3888888888888888,0.010507056617315911,-1.3614777588747158,-0.7056046598485269,-0.0902631440668715,-0.6153415157816554,0.5833333333333333,-0.014593134190716542,0.0,-1.2,-0.3284606819777144,0.0
1744469847.8263006,28.832465171813965,0,0.0,0.0,0.0,0.41,-1.4,8.2,-1.3277777777777777,-1.4282780820355633e-13,-1.3046237377810879,-0.9764010970311967,-0.3561045299561691,-0.6202965670750276,1.8588888888888886,1.8964358978138868e-13,0.0,-0.7599999999999999,-0.2847353200099944,22.113374233128837
1744469848.0242348,29.030423641204834,0,0.0,0.0,0.0,0.5,-0.01,10.56,-0.8377777777777777,-0.015596608431401218,-0.7908139486376075,-1.1781709914026028,-0.6027244683900992,-0.5754465230125037,0.008377777777777777,0.013066491952529465,0.0,-0.31999999999999984,0.33509823745502415,21.844040480558682
1744469848.2300017,29.235969066619873,0,0.0,0.0,0.0,0.14,-0.53,9.74,-0.29333333333333333,-0.011049306008215486,-0.24899844525133652,-1.2737462045258983,-0.8040309892308389,-0.46971521529505933,0.15546666666666667,0.003241129762409876,0.0,0.0,4.680735601337311,16.88209602153377
1744469848.42412,29.43030858039856,0,0.0,0.0,0.0,0.05,-0.64,9.88,0.0,0.0,0.0,-1.2837757021993168,-0.9479544031213822,-0.33582129907793457,-0.0,0.0,0.0,0.0,0.0,0.0
1744469848.6248755,29.63107705116272,0,0.0,0.0,0.0,-0.06,-0.63,9.85,0.0,0.0,0.0,-1.2837757021993168,-1.0487007928447627,-0.2350749093545541,-0.0,0.0,0.0,0.0,0.0,0.0
1744469848.833354,29.839564323425293,0,0.0,0.0,0.0,-0.06,-0.68,9.85,0.0,0.0,0.0,-1.2837757021993168,-1.119223265651129,-0.16455243654818785,-0.0,0.0,0.0,0.0,0.0,0.0
1744469849.031546,30.037756204605103,0,0.0,0.0,0.0,-0.09,-0.62,9.84,0.0,0.0,0.0,-1.2837757021993168,-1.1685889966155854,-0.11518670558373145,-0.0,0.0,0.0,0.0,0.0,0.0
1744469849.2234442,30.229641675949097,0,0.0,0.0,0.0,-0.08,-0.64,9.84,0.0,0.0,0.0,-1.2837757021993168,-1.2031450082907047,-0.0806306939086121,-0.0,0.0,0.0,0.0,0.0,0.0
1744469849.429989,30.436193227767944,0,0.0,0.0,0.0,-0.09,-0.64,9.83,0.0011111111111111111,0.0,0.0,-1.2837757021993168,-1.2273342164632883,-0.056441485736028474,-0.0007111111111111111,0.0,0.0,0.0,0.0,0.0
1744469849.6256406,30.63179659843445,0,0.0,0.0,0.0,-0.07,-0.65,9.83,0.0,0.0,0.0,-1.2837757021993168,-1.244266662184097,-0.03950904001521982,-0.0,0.0,0.0,0.0,0.0,0.0
1744469849.8240483,30.830271005630493,0,0.0,0.0,0.0,-0.07,-0.66,9.85,0.0,0.0,0.0,-1.2837757021993168,-1.256119374188663,-0.027656328010653874,-0.0,0.0,0.0,0.0,0.0,0.0
1744469850.0289743,31.032674312591553,0,0.0,0.0,0.0,-0.08,-0.65,9.83,0.0,0.0,0.0,-1.2837757021993168,-1.264416272591859,-0.019359429607457734,-0.0,0.0,0.0,0.0,0.0,0.0
1744469850.2249959,31.231165647506714,0,0.0,0.0,0.0,-0.08,-0.64,9.86,0.0,0.0,0.0,-1.2837757021993168,-1.2702241014740965,-0.013551600725220325,-0.0,0.0,0.0,0.0,0.0,0.0
1744469850.4234138,31.42962145805359,0,0.0,0.0,0.0,-0.09,-0.64,9.85,0.0,0.0,0.0,-1.2837757021993168,-1.2742895816916626,-0.009486120507654183,-0.0,0.0,0.0,0.0,0.0,0.0
1744469850.626069,31.631948709487915,0,0.0,0.0,0.0,-0.05,-0.63,9.87,0.0011111111111111111,0.031332290175553244,0.17651994465100418,-1.2778759976855354,-1.2753655064898244,-0.0025104911957110065,-0.0007,3.481365575061472e-05,0.2,0.44000000000000006,5.86480600189598,21.94143098323624
1744469850.8245409,31.830754280090332,0,0.0,0.0,0.0,-0.18,1.77,10.79,0.3322222222222222,0.2217115856815893,0.5947996933118073,-1.2035397208118561,-1.253817770786434,0.050278049974577854,0.5880333333333333,0.07365751568755022,0.20796409088560516,0.6,1.937719668787375,8.065581462429687
1744469851.0254476,32.03161907196045,0,0.0,0.0,0.0,0.13,-0.59,7.47,0.5777777777777777,0.26687973880566146,0.737033247184455,-1.0637167238352012,-1.1967874567010641,0.1330707328658629,-0.34088888888888885,0.15419718242104882,0.22456247628979625,0.6,1.4318773553133055,0.0
1744469851.225923,32.23204064369202,0,0.0,0.0,0.0,-0.46,0.29,10.6,0.7422222222222222,0.3098794748414408,0.7481999392552298,-0.9150441700878426,-1.1122644707170977,0.1972203006292551,0.21524444444444443,0.22999943243786938,0.3,0.5880045626044901,3.219640108651304,-0.6338584069258174
1744469851.4251719,32.43133187294006,0,0.0,0.0,0.0,-0.32,-0.87,11.25,0.7044444444444444,0.36498058813627393,0.6230995956228663,-0.7710913799515345,-1.0099125434874288,0.23882116353589422,-0.6128666666666667,0.25710854764266405,0.3,0.2837812940429032,-3.008225732744891,-16.064925117350786
1744469851.6230297,32.62924885749817,0,0.0,0.0,0.0,-0.67,1.76,7.02,0.3188888888888889,0.36917323036415883,0.23769704973184203,-0.6879055463071673,-0.9133104443333503,0.22540489802618302,0.5612444444444444,0.11772524123834843,0.3,-0.1042655080213053,-2.8253703769397247,-19.54283892373135
1744469851.8303106,32.83649730682373,0,0.0,0.0,0.0,-0.53,-0.95,9.06,-0.0022222222222222222,0.3776171936902513,8.019900683994764e-13,-0.6825958122447674,-0.8440960547067755,0.16150024246200811,0.002111111111111111,-0.0008391493193116696,0.3,-0.0037378387806374647,1.4808369531059635,5.034730858500126
1744469852.0334408,33.03969430923462,0,0.0,0.0,0.0,-0.57,-1.39,9.89,-0.09666666666666666,0.3582511835057086,-0.11872450157500017,-0.6902654281126764,-0.7979468667285459,0.10768143861586943,0.13436666666666666,-0.034630947738885164,0.3,-0.08642612998030312,-4.495764203982567,-4.160007563055325
1744469852.2254202,33.23156809806824,0,0.0,0.0,0.0,0.22,-0.95,6.89,-0.11777777777777777,0.3586939178372648,-0.1303748906266454,-0.7103244234595455,-0.7716601337478457,0.061335710288300205,0.11188888888888888,-0.04224617254527785,0.3,-0.12405540865210676,0.6023666134555672,-2.0788808489233497
1744469852.4310877,33.43729877471924,0,0.0,0.0,0.0,0.49,-2.53,12.09,-0.13,0.38889119728686056,-0.03270054213064962,-0.7368730937715772,-0.7612240217549652,0.024350927983388004,0.32889999999999997,-0.05055585564729188,0.3,0.04256200311143846,3.092520723662626,9.235173863905867
1744469852.6249259,33.63102173805237,0,0.0,0.0,0.0,0.34,-1.01,7.47,0.06888888888888889,0.39940623343562587,0.15412164130337813,-0.7297934483550332,-0.7517948497349856,0.022001401379952323,-0.06957777777777778,0.02751465163667645,0.3,0.2021152887364486,3.424154859487273,8.336115099965403
1744469852.825086,33.8313205242157,0,0.0,0.0,0.0,-0.03,-1.41,7.41,0.19111111111111112,0.38138183471021375,0.14716644210302415,-0.6914453690154547,-0.7336900055191262,0.042244636503671495,-0.2694666666666667,0.07288630618906308,0.3,0.09089911396635955,1.4124799048630157,-5.548511355776996
1744469853.0247648,34.03092813491821,0,0.0,0.0,0.0,-0.11,-1.2,10.35,0.03222222222222222,0.3797823014616369,0.031008965213575865,-0.6749261963768577,-0.7160608627764457,0.04113466639958796,-0.03866666666666666,0.012237429713763855,0.3,0.009722435110143798,3.1736036921242774,-4.266609050429708
1744469853.2287536,34.23490762710571,0,0.0,0.0,0.0,-0.56,0.06,9.86,-0.022222222222222223,0.36863322515938185,-0.11867468013158598,-0.6808259008906389,-0.7054903742107036,0.024664473320064717,-0.0013333333333333333,-0.008191849447986264,0.3,-0.10421589947654104,-2.8453033180890093,-5.729776542296872
1744469853.4312057,34.43738341331482,0,0.0,0.0,0.0,-1.7,-1.04,14.82,-0.15444444444444444,0.3650312739756167,-0.17627264739274295,-0.7103244234595452,-0.706940588985356,-0.003383834474189107,0.16062222222222222,-0.05637705231401191,0.3,-0.2701817529907902,3.5566777151655766,-8.264606107924081
1744469853.6330037,34.639204263687134,0,0.0,0.0,0.0,0.34,-0.39,7.19,-0.31666666666666665,0.37896074495940657,-0.40224451393889543,-0.7716813504028993,-0.726362817410619,-0.04531853299228028,0.1235,-0.12000423590381208,0.3,-0.24073519107717467,-4.822818205583734,1.5443691298378874
1744469853.8254533,34.83157753944397,0,0.0,0.0,0.0,0.0,-0.56,8.89,-0.3511111111111111,0.3306930340140279,-0.37261186931090656,-0.8395279523114161,-0.7603123578808582,-0.07921559443055792,0.19662222222222223,-0.11610999860936978,0.22855583170001376,-0.6,-0.4183930806093873,-18.908858279156263
1744469854.0239809,35.03019952774048,0,0.0,0.0,0.0,-0.39,-1.06,8.92,-0.68,0.2713529448073282,-0.6467784166594982,-0.9486724858164179,-0.8168203962615261,-0.1318520895548918,0.7208000000000001,-0.18452000246898317,0.2,-0.6246483506652547,0.19957984767184322,-1.2282749680842182
1744469854.224633,35.23082780838013,0,0.0,0.0,0.0,0.18,-1.53,10.9,-0.88,0.24687449085786564,-0.8581792310316823,-1.1014748327234143,-0.9022167272000926,-0.19925810552332168,1.3464,-0.21724955195492177,0.2,-0.7698525449618625,-1.6723423540667206,-7.283311802858638
1744469854.427112,35.43307065963745,0,0.0,0.0,0.0,0.39,-0.8,10.24,-1.0077777777777779,0.23498100137878938,-0.8531391599361497,-1.292035288518623,-1.0191622955956516,-0.2728729929229714,0.8062222222222224,-0.23680863138951333,0.20452117507597495,-0.6000000000000001,8.350115734645915,8.469615150197582
1744469854.625698,35.63184976577759,0,0.0,0.0,0.0,-0.15,-0.69,8.93,-0.8066666666666666,0.29162498709678125,-0.8214788368919129,-1.4525072512935446,-1.1491657823050194,-0.3033414689885252,0.5566,-0.23524415625807021,0.23944611565907242,-0.6,-5.238545921063331,5.9457001150134615e-15
1744469854.8249104,35.831117391586304,0,0.0,0.0,0.0,-0.37,0.81,8.24,-0.7466666666666667,0.2638227999613873,-0.8050930515252553,-1.6088494209087967,-1.2870708738861527,-0.32177854702264397,-0.6048000000000001,-0.19698769063783586,0.2,-0.7630671979355415,-0.8990515859867417,-8.558725120691669
1744469855.02458,36.03078246116638,0,0.0,0.0,0.0,-0.37,-1.21,9.04,-0.9755555555555555,0.2521331700508783,-0.8877928522923271,-1.7905603199333495,-1.4381177077003118,-0.35244261223303774,1.180422222222222,-0.24596991478296795,0.2,-0.7316441004044969,3.5486599655258724,1.5761920120889077
1744469855.2247036,36.230897426605225,0,0.0,0.0,0.0,-0.29,-0.26,7.07,-0.98,0.23670038142327118,-0.9779170687908723,-1.9793508643744144,-1.6004876547025426,-0.3788632096718718,0.2548,-0.23196637379480575,0.2,-0.7167449659558214,0.1067035187396392,0.7483743004995933
1744469855.4239528,36.430171728134155,0,0.0,0.0,0.0,0.11,-0.65,10.19,-0.8944444444444445,0.2408212166889202,-0.8258412819696728,-2.16283167475308,-1.7691908607177038,-0.393640814035376,0.581388888888889,-0.21540119937175642,0.20808979744661318,-0.6,3.0504782820660465,5.83641895740501
1744469855.6251295,36.631203413009644,0,0.0,0.0,0.0,-0.2,-0.85,9.8,-0.7333333333333333,0.3002159630101694,-0.6824776030866639,-2.3215337261738567,-1.9348937203545495,-0.38664000581930713,0.6233333333333333,-0.2201583728741242,0.3,-0.5075929881978808,6.702880596175788,4.647725192220785
1744469855.8257177,36.83187460899353,0,0.0,0.0,0.0,0.18,-1.36,9.67,-0.65,0.31895106866016804,-0.6955770693173657,-2.456046989088127,-2.091239700974623,-0.36480728811350405,0.8840000000000001,-0.20731819462910922,0.23939480851597722,-0.6,-0.8960832836162869,-4.539506901261135
1744469856.0246925,37.03090715408325,0,0.0,0.0,0.0,0.38,0.34,7.83,-0.7444444444444445,0.33916700372472053,-0.617335391394843,-2.5964599565161954,-2.242805777637095,-0.35365417887910056,-0.2531111111111111,-0.2524909916617364,0.3,-0.22009985023101863,3.080326469949251,18.929584653305426
1744469856.2258759,37.23200035095215,0,0.0,0.0,0.0,1.34,-2.01,17.15,-0.27666666666666667,0.37391286338694346,-0.20768816058015963,-2.6831856128688187,-2.374919728206612,-0.3082658846622066,0.5560999999999999,-0.10344922553705437,0.3,-0.05923155266028984,3.1011340479506533,8.090100285054293
1744469856.4245484,37.430763721466064,0,0.0,0.0,0.0,-0.81,-0.44,9.0,-0.07555555555555556,0.36766782436164547,0.05918194355871379,-2.701474696861544,-2.4728862188030916,-0.22858847805845262,0.033244444444444445,-0.027779346729546548,0.3,0.13930732733843756,4.447163043441902,9.95805532543507
1744469856.624539,37.63075041770935,0,0.0,0.0,0.0,-0.25,1.39,5.28,0.03111111111111111,0.377319832483952,0.17714546126013786,-2.675515997000878,-2.5336751522624277,-0.1418408447384505,0.04324444444444444,0.011738839232834062,0.3,0.19646204499094405,-2.892293524015563,2.8602276600143006
1744469856.826094,37.8319935798645,0,0.0,0.0,0.0,0.19,-0.56,8.72,0.26,0.36730472456706964,0.2956174845615314,-2.6283183608906118,-2.5620681148508826,-0.06625024603972918,-0.1456,0.09549922838743811,0.3,0.26731323660420736,1.6064705068606453,3.9445615884396346
1744469857.024848,38.03104209899902,0,0.0,0.0,0.0,-1.2,-0.79,14.37,0.31444444444444447,0.37338458611333736,0.3851616440768971,-2.5616516998848584,-2.561943190361075,0.0002914904762167936,-0.24841111111111114,0.1174087087445272,0.3,0.36965935719134885,1.5970930844421618,5.139735907125598
1744469857.2258642,38.23196840286255,0,0.0,0.0,0.0,0.29,-0.72,8.14,0.49333333333333335,0.3678173722267037,0.532854140850828,-2.476695954886379,-2.5363690197186664,0.05967306483228718,-0.3552,0.18145657029850715,0.3,0.4710304953981668,4.545646064959067,5.0865099948009265
1744469857.4261568,38.43215203285217,0,0.0,0.0,0.0,2.1,-2.64,8.12,0.5755555555555556,0.36627934078005076,0.47166756156784945,-2.368141391832759,-2.4859007313528942,0.11775933952013506,-1.5194666666666667,0.21081410947118479,0.3,0.29859396303485897,-1.4045548320694174,-8.616082979170756
1744469857.6236467,38.6298451423645,0,0.0,0.0,0.0,-0.23,0.31,9.17,0.30666666666666664,0.3615679749062113,0.26569600115637715,-2.297934908118733,-2.4295109843826457,0.13157607626391288,0.09506666666666666,0.11088084563790479,0.3,0.08012040763878886,-0.7585046013064729,-10.93202867137456
1744469857.825166,38.83138656616211,0,0.0,0.0,0.0,-0.46,0.19,7.07,0.04888888888888889,0.37284888369423647,0.02958531114431526,-2.2790558536746266,-2.38437444517024,0.1053185914956134,0.00928888888888889,0.018228167647273783,0.3,-0.12237574622849062,1.4836177531545442,-10.154596223698539
1744469858.025271,39.03143763542175,0,0.0,0.0,0.0,0.4,-1.11,10.05,-0.15555555555555556,0.36776897578280454,-0.2367929019128599,-2.3085543762435488,-2.3616284244922325,0.05307404824868378,0.1726666666666667,-0.05720850734399182,0.3,-0.18885128044196944,-3.017988054070681,-3.335070919998697
1744469858.2251036,39.23131060600281,0,0.0,0.0,0.0,-0.7,0.96,7.15,-0.18444444444444444,0.37238140345331494,-0.2068375182841541,-2.349852307840034,-2.358095589496573,0.008243281656538759,-0.17706666666666665,-0.0686836810813892,0.3,-0.019684208967407357,-5.93760362018169,8.47260283663552
1744469858.4233136,39.42952346801758,0,0.0,0.0,0.0,0.6,-2.3,10.8,0.03,0.370642047971023,0.08823060058869421,-2.355162041902434,-2.357215525218331,0.0020534833158971644,-0.06899999999999999,0.01111926143913069,0.3,0.18135027125099756,1.4693272803568593,10.021746966471072
1744469858.6264374,39.631582260131836,0,0.0,0.0,0.0,-0.21,-0.56,11.97,0.24222222222222223,0.3615981727970437,0.32476667897758776,-2.3156340216600766,-2.3447410741508548,0.029107052490778162,-0.13564444444444446,0.08758711296639503,0.3,0.39550133202454224,3.0243221537435967,10.717017262524717
1744469858.8299081,39.83599233627319,0,0.0,0.0,0.0,0.59,-1.25,9.29,0.44,0.36804632795156983,0.5331858272138177,-2.225958513050579,-2.309106305820772,0.08314779277019335,-0.55,0.16194038429869073,0.3,0.4822260829611286,0.20637357666959943,4.354305462811271
1744469859.025101,40.03106117248535,0,0.0,0.0,0.0,-0.09,-0.75,8.39,0.6188888888888889,0.37148092428881996,0.501104996065152,-2.11091427503178,-2.2496486965840745,0.13873442155229432,-0.4641666666666667,0.22990541647652527,0.3,0.44242392211253717,-2.9983389090459664,-1.9886875188322315
1744469859.2238479,40.230053186416626,0,0.0,0.0,0.0,-0.63,-2.82,15.77,0.48,0.36089200205592653,0.44199877777871915,-2.0035396528809226,-2.1758159834731288,0.17227633059220615,-1.3536,0.17322816098684474,0.3,0.29594647809059066,-1.4995450422020993,-7.316029929634971
1744469859.4246309,40.43080401420593,0,0.0,0.0,0.0,-0.63,-2.82,15.77,0.48,0.36664187250373537,0.23606720161245187,-1.9356930509724217,-2.1037791037229168,0.16808605275049504,-1.3536,0.17598809880179297,0.3,0.11394881097800574,0.05577352737942179,-9.102821917277613
1744469859.6246958,40.63090991973877,0,0.0,0.0,0.0,-0.19,1.55,8.46,0.1111111111111111,0.3623071125373719,0.08874638396471458,-1.9103243215631527,-2.0457426690749876,0.1354183475118349,0.17222222222222222,0.04025634583748577,0.3,0.044197601895530764,1.491591968237535,-3.497486792983229
1744469859.8350856,40.8413290977478,0,0.0,0.0,0.0,-0.37,-1.63,10.16,0.056666666666666664,0.3600094158894559,-0.05633950170365166,-1.9061945284034991,-2.003878226873541,0.09768369847004199,-0.09236666666666665,0.020400533567069168,0.3,-0.07471151610407685,-1.2163457167299423,-5.677640668718352
1744469860.0246155,41.0308096408844,0,0.0,0.0,0.0,-1.09,2.89,5.08,-0.12222222222222222,0.3742078703108314,-0.18601882534105046,-1.9321532282641496,-1.9823607272907238,0.050207499026574176,-0.3532222222222222,-0.04573651748243495,0.3,-0.2704490152802328,-0.45228800963145227,-10.286197606241357
1744469860.2241442,41.230347871780396,0,0.0,0.0,0.0,-0.62,-0.68,8.97,-0.29444444444444445,0.3711007524596932,-0.2650193828306781,-1.993510155207488,-1.9857055556657532,-0.007804599541734847,0.20022222222222225,-0.10926855489090967,0.3,-0.2151040899223198,0.8468585140260797,2.7623752505937587
1744469860.4309886,41.43720602989197,0,0.0,0.0,0.0,-0.17,-2.08,11.69,-0.23333333333333334,0.3679406206699007,-0.23690341773553755,-2.0442476140260424,-2.00326817317384,-0.0409794408522024,0.48533333333333334,-0.0858528114896435,0.3,-0.14520138416318873,-3.004469222593898,3.508690533691708
1744469860.6250255,41.63117814064026,0,0.0,0.0,0.0,-0.12,-0.27,10.51,-0.18222222222222223,0.3721547643346453,-0.1476511661720439,-2.0796458411087464,-2.026181473554312,-0.0534643675544344,0.04920000000000001,-0.06781486816764648,0.3,-0.08097691222048341,-0.0018516576327150232,3.2146756356768424
1744469860.825214,41.83142018318176,0,0.0,0.0,0.0,0.18,0.36,9.17,-0.05,0.3675359713155397,0.0,-2.100884777358362,-2.0485924646955267,-0.05229231266283518,-0.018,-0.018376798565776988,0.3,0.15655308445435234,1.5469366221177785,11.909590991037385
1744469861.0245883,42.0307776927948,0,0.0,0.0,0.0,0.28,-0.84,12.5,0.13777777777777778,0.3702943661279535,0.02938261187222727,-2.0790558706573647,-2.0577314864840783,-0.021324384173286415,-0.11573333333333333,0.05101833488874026,0.3,-0.16449551106090798,-3.1633903385637203,-15.989353792750139
1744469861.2245781,42.230777978897095,0,0.0,0.0,0.0,-0.2,0.13,8.36,-0.23444444444444446,0.36669434611585716,-0.23610098743827787,-2.10265468871249,-2.0712084471526016,-0.0314462415598884,-0.03047777777777778,-0.08596945225605096,0.3,-0.22405514882323962,0.5349415813347597,-2.979476490924797
1744469861.4253685,42.431530237197876,0,0.0,0.0,0.0,-0.01,-0.59,9.44,-0.29888888888888887,0.3729692826735787,-0.2663537825082268,-2.157521940690681,-2.0971024952140254,-0.060419445476655564,0.17634444444444441,-0.11147637448799184,0.3,-0.21476096111482842,-0.06772965827992618,0.46623270203009054
1744469861.6288788,42.63505578041077,0,0.0,0.0,0.0,1.28,-1.49,12.87,-0.18666666666666668,0.37240808502845574,-0.14775167031473313,-2.2076694290578525,-2.1302725753671736,-0.07739685369067884,0.27813333333333334,-0.0695161758719784,0.3,0.0011309551805378515,5.0357217443639755,10.81355554861319
1744469861.8258202,42.831899642944336,0,0.0,0.0,0.0,0.46,-1.71,12.22,-0.07666666666666666,0.3755158123748571,0.062223001221492796,-2.2106192813147425,-2.1543765871514444,-0.05624269416329808,0.1311,-0.02878954561540571,0.3,0.13019965236361422,1.7281720329556618,6.806308420857789
1744469862.0284922,43.03462052345276,0,0.0,0.0,0.0,-0.63,-0.89,11.08,0.07555555555555556,0.38359434754489274,0.061745569020783916,-2.189970315516492,-2.1650547056609586,-0.024915609855533205,-0.06724444444444444,0.02898268403672523,0.3,-0.1831135361250231,-1.194937867099775,-16.39548307878338
1744469862.2243028,43.230491638183594,0,0.0,0.0,0.0,-0.05,-0.68,8.62,-0.20555555555555555,0.36714097898856324,-0.11819427894983424,-2.21474907447438,-2.179963016304985,-0.03478605816939506,0.13977777777777778,-0.07546786790320466,0.3,-0.1328982326369343,3.393678011771062,2.515085002523284
1744469862.4275982,43.43341612815857,0,0.0,0.0,0.0,0.64,-0.04,11.43,-0.18777777777777777,0.3665063851567934,-0.11798998314886229,-2.2454275379460658,-2.199602372797309,-0.045825165148756675,0.007511111111111111,-0.06882175454610898,0.3,0.05692887860284185,0.010779147744224513,9.491138327072264
1744469862.6261747,43.63235592842102,0,0.0,0.0,0.0,-0.81,-1.5,11.89,0.03111111111111111,0.3566043957836429,0.059089377925543335,-2.239527833432285,-2.211580010987802,-0.027947822444482906,-0.04666666666666666,0.011094358979935557,0.3,0.06727910797598605,1.4864213671849664,0.5183213952682969
1744469862.825968,43.8320689201355,0,0.0,0.0,0.0,-0.51,-1.12,9.89,0.058888888888888886,0.3718884830208674,0.0885273119665188,-2.227728424404706,-2.216424535012873,-0.01130388939183291,-0.06595555555555556,0.021900099555673302,0.3,0.07805756960063512,0.0018473777278312947,0.5391163984224396
1744469863.0263715,44.03251385688782,0,0.0,0.0,0.0,-0.08,-0.14,11.52,0.021111111111111112,0.36088770459704383,0.08839870290232625,-2.2117992222174894,-2.215036941174258,0.0032377189567687203,-0.002955555555555556,0.007618740430382037,0.3,0.04099718120957311,2.8686862856129665,-1.851013197306226
1744469863.2266004,44.23274350166321,0,0.0,0.0,0.0,0.34,-1.11,12.32,-0.0033333333333333335,0.36776943539067847,-0.03092448479230321,-2.208849369960599,-2.2131806698101606,0.0043312998495617094,0.0037000000000000006,-0.0012258981179689283,0.3,-0.020110103222954742,3.031073301255413,-3.203060905352412
1744469863.4238732,44.43006205558777,0,0.0,0.0,0.0,-0.18,-0.04,10.11,-0.11222222222222222,0.37373361894726703,-0.1482775714925989,-2.2212387494395585,-2.21559809369898,-0.005640655740578371,0.004488888888888889,-0.04194121723741552,0.3,-0.14335589613467037,-3.032565956247301,-6.195085474854156
1744469863.6236124,44.62980008125305,0,0.0,0.0,0.0,-0.56,-1.31,8.78,-0.2588888888888889,0.3651049642495427,-0.23507764297796013,-2.2572269469736272,-2.228086749681374,-0.029140197292253145,0.33914444444444447,-0.09452161852238161,0.3,-0.2636640093348904,0.06444934633993354,-5.992195798982743
1744469863.8258462,44.831907510757446,0,0.0,0.0,0.0,-0.43,0.73,11.22,-0.30777777777777776,0.36651075415337403,-0.41296986383446743,-2.3238936079793815,-2.2568288071707765,-0.067064800808605,-0.22467777777777775,-0.11280386544498289,0.3,-0.3610905841474758,-1.0405817035467522,-4.871217247314587
1744469864.0242164,45.03042030334473,0,0.0,0.0,0.0,0.15,0.0,8.85,-0.5222222222222223,0.37021523870360135,-0.4993976637938785,-2.418878850651296,-2.3054438202149323,-0.1134350304363636,-0.0,-0.19333462465632517,0.3,-0.4240452479315079,1.4714873153615107,-3.1346945821573087
1744469864.2249672,45.23114824295044,0,0.0,0.0,0.0,0.58,-0.24,9.32,-0.5688888888888889,0.36168016393343944,-0.6201496993355067,-2.5286133546076797,-2.3723946805327567,-0.15621867407492296,0.13653333333333334,-0.20575582659324554,0.3,-0.4810395327200347,-1.62548107642433,-2.852811703152421
1744469864.424286,45.43047094345093,0,0.0,0.0,0.0,1.22,-1.45,13.12,-0.5733333333333334,0.3544324836032146,-0.5662574890439634,-2.6471974153347184,-2.4548355009733456,-0.19236191436137284,0.8313333333333334,-0.20320795726584306,0.3,-0.3993935301326512,-0.4996294248112824,4.124440318879823
1744469864.6242456,45.63043570518494,0,0.0,0.0,0.0,-0.03,1.35,8.76,-0.45555555555555555,0.36573906077937596,-0.41210035017362523,-2.748672332971811,-2.542986550572885,-0.205685782398926,-0.615,-0.1666144610217157,0.3,-0.265024417437353,3.1133222062531223,6.7041563891552975
1744469864.83292,45.83913278579712,0,0.0,0.0,0.0,0.04,-1.14,8.96,-0.31666666666666665,0.3628406443100187,-0.2666312144353557,-2.818878816685837,-2.6257542304067707,-0.19312458627906626,0.36099999999999993,-0.11489953736483925,0.3,-0.11594634052213276,1.3696377188255708,7.486037572945142
1744469865.024859,46.031084060668945,0,0.0,0.0,0.0,0.33,-1.79,18.45,-0.08555555555555555,0.36139982180386776,-0.029508048320520126,-2.848967309706124,-2.6927181541965766,-0.15624915550954732,0.15314444444444444,-0.030919762532108683,0.3,0.16879746168260568,3.1677940531670137,14.241617798265482
1744469865.228343,46.233044147491455,0,0.0,0.0,0.0,0.16,-0.35,8.65,0.19666666666666666,0.3711890950577992,0.20617525613158924,-2.822418639394108,-2.731628299755836,-0.09079033963827232,-0.06883333333333333,0.07300052202803384,0.3,0.18470993755919493,1.4465353789470914,0.7944123743552481
1744469865.424122,46.430320501327515,0,0.0,0.0,0.0,-1.36,0.17,14.16,0.1688888888888889,0.37117142317343826,0.20616544036562773,-2.781710678249004,-2.7466530133037863,-0.03505766494521767,0.028711111111111114,0.06268672924706957,0.3,0.21065758091216238,1.4351943552792643,1.2953450963594086
1744469865.6255224,46.631685972213745,0,0.0,0.0,0.0,-0.15,0.94,8.48,0.19,0.3719417087948792,0.2065932919315212,-2.7356929830414844,-2.7433650042250957,0.007672021183611211,0.17859999999999998,0.07066892467102705,0.3,0.21566558040631056,-4.320377701958091,0.2505286345944645
1744469865.829769,46.83593130111694,0,0.0,0.0,0.0,-1.49,-0.15,12.65,0.29444444444444445,0.37121560603987547,0.20618998153397872,-2.691445199188093,-2.727789062713995,0.03634386352590191,-0.04416666666666667,0.10930237288951888,0.3,0.17031548502789381,1.487822821460845,-2.2641870090832517
1744469866.025876,47.03194785118103,0,0.0,0.0,0.0,-0.31,-2.02,9.95,0.15666666666666668,0.3644773832853412,0.11733678335121306,-2.6566369425567866,-2.7064434266668327,0.04980648411004607,-0.3164666666666667,0.05710145671470346,0.3,0.05541135331198485,-0.031219152117434635,-5.7131341711128165
1744469866.2240424,47.23023819923401,0,0.0,0.0,0.0,-0.44,-0.6,7.64,0.017777777777777778,0.3349021191853897,-0.026574260598070366,-2.649557297140242,-2.6893775878088553,0.03982029066861337,-0.010666666666666666,0.005953815452184706,0.3,-0.03244138896978782,-1.1969943997715662,-3.9571840626674857
1744469866.4250357,47.43121385574341,0,0.0,0.0,0.0,0.02,0.3,9.27,-0.09333333333333334,0.35275852799682805,-0.08898680546449313,-2.659586794813661,-2.680440349910297,0.020853555096636,-0.028,-0.03292412927970395,0.29299657030903775,-0.0686382908852507,-2.9972613112656483,-1.8198915226212626
1744469866.6245532,47.63073253631592,0,0.0,0.0,0.0,0.23,-2.29,11.95,-0.09777777777777778,0.32775334579663656,-0.1191288853415687,-2.677875878806387,-2.679671008579124,0.001795129772736992,0.22391111111111112,-0.032046993811226686,0.2486969667403397,-0.06912144153741559,-2.8894705934232547,-0.02438986499666398
1744469866.8261182,47.83230423927307,0,0.0,0.0,0.0,-0.89,-0.07,7.36,-0.09,0.2727430692782844,-0.11819851322977883,-2.6985248446046377,-2.685327159386778,-0.01319768521785969,0.0063,-0.024546876235045596,0.20306365635987825,-0.14916071599565503,-1.285387235726966,-4.008897063771528
1744469867.0250123,48.03118920326233,0,0.0,0.0,0.0,-0.04,-0.89,9.77,-0.15444444444444444,0.21029708310712017,-0.17771584487929673,-2.7297932785277044,-2.698666995129056,-0.031126283398648535,0.13745555555555555,-0.03247921616876634,0.1656084085719963,-0.1571292168127476,-0.07917462760353604,-0.40005643554455933
1744469867.224467,48.230674266815186,0,0.0,0.0,0.0,0.16,-1.44,10.06,-0.17555555555555555,0.168336398693193,-0.17782013946459027,-2.761061712450755,-2.7173854103255657,-0.04367630212518936,0.25279999999999997,-0.029552389992804993,0.13483403001889138,-0.15415689143954148,1.5853958829537222,0.1493123684309236
1744469867.4253967,48.43161749839783,0,0.0,0.0,0.0,0.29,-1.32,10.25,-0.15444444444444444,0.11604398620276087,-0.11886707933760154,-2.790560235019677,-2.739337857733799,-0.051222377285878196,0.20386666666666667,-0.017922348980204176,0.0,0.2858431085604586,-1.5469043218982075,22.162768824306475
1744469867.6245105,48.630717277526855,0,0.0,0.0,0.0,0.39,-0.6,9.64,0.1711111111111111,0.005346314743833213,0.21084058144530854,-2.7705012396728077,-2.748686872315502,-0.021814367357305908,-0.10266666666666666,0.0009148138561670165,0.0,0.4,1.8712189425070584,5.8280430691907394
1744469867.8235207,48.829744815826416,0,0.0,0.0,0.0,-0.17,-0.61,9.79,0.27555555555555555,0.0,0.2814027888891895,-2.7168139285973787,-2.739124989200065,0.022311060602686172,-0.16808888888888887,0.0,0.0,0.4,1.6235285411560132,0.0
1744469868.0254366,49.03161597251892,0,0.0,0.0,0.0,0.09,-0.81,9.89,0.2644444444444444,-0.005519931731153525,0.2798838624229978,-2.664896528876078,-2.7168564511028688,0.05195992222679058,-0.2142,-0.0014597152800161545,0.0,0.4,2.8417654693786414,0.0
1744469868.2245693,49.23079299926758,0,0.0,0.0,0.0,-0.04,-0.83,9.87,0.2588888888888889,0.0,0.24747629003837687,-2.6135690996061602,-2.6858702456538563,0.07230114604769611,-0.21487777777777778,0.0,0.0,0.4,0.5520064306132306,0.0
1744469868.4329388,49.439170837402344,0,0.0,0.0,0.0,0.0,-0.8,9.74,0.24888888888888888,-0.010960795752040849,0.2470038479358288,-2.5628316407876226,-2.648958664193986,0.08612702340636336,-0.19911111111111113,-0.0027280202760635,0.0,0.4,-2.5153034034769184,0.0
1744469868.625936,49.632019996643066,0,0.0,0.0,0.0,-0.03,-0.91,10.36,0.2733333333333333,-0.011030852573700773,0.2485825932084716,-2.513274122871848,-2.6082533017973444,0.09497917892549657,-0.24873333333333333,-0.0030150997034782113,0.0,0.4,1.2942528274241818,0.0
1744469868.8251188,49.83130598068237,0,0.0,0.0,0.0,0.0,-0.56,9.75,0.22666666666666666,-1.4317768952454015e-13,0.23776271190027626,-2.4672564276643287,-2.5659542395574397,0.098697811893111,-0.12693333333333334,-3.2453609625562435e-14,0.0,0.4,1.673564600935957,0.0
1744469869.025048,50.03121376037598,0,0.0,0.0,0.0,0.05,-0.82,9.99,0.20555555555555555,-0.005260197458295768,0.2074444068108561,-2.4235986142623345,-2.523247551968908,0.09964893770657346,-0.16855555555555554,-0.0010812628108719077,0.0,0.4,-1.4271610250216364,0.0
1744469869.2255716,50.23175621032715,0,0.0,0.0,0.0,-0.22,-0.6,9.79,0.24333333333333335,1.4243251674119736e-13,0.236529779826714,-2.3769909486034337,-2.4793705709592655,0.10237962235583176,-0.146,3.465857907369136e-14,0.0,0.4,0.9445529441972205,0.0
1744469869.4236557,50.429847717285156,0,0.0,0.0,0.0,-0.04,-0.66,9.89,0.22777777777777777,-0.005511827223566132,0.2173678341620631,-2.3292033420417866,-2.4343204022840217,0.1051170602422351,-0.15033333333333335,-0.0012554717564789524,0.0,0.4,-1.7995650071273417,0.0
1744469869.6236572,50.62986135482788,0,0.0,0.0,0.0,-0.17,-0.9,9.97,0.21777777777777776,0.0,0.23632083125716077,-2.2796458241260122,-2.387918028836619,0.10827220471060661,-0.19599999999999998,0.0,0.0,0.4,1.4966263638445183,0.0
1744469869.8253798,50.83155369758606,0,0.0,0.0,0.0,0.06,-0.71,9.9,0.25333333333333335,-0.005265305119692362,0.2669732173349041,-2.2348080698212556,-2.34198504113201,0.10717697131075443,-0.17986666666666667,-0.001333877296988732,0.0,0.4,-0.563192728096614,0.0
1744469870.0227213,51.02894997596741,0,0.0,0.0,0.0,0.25,-0.71,9.85,0.26,-0.005226646767809236,0.26501307554929265,-2.1840706110027184,-2.2946107120932226,0.11054010109050427,-0.1846,-0.0013589281596304015,0.0,0.4,-0.04279207686334773,0.0
1744469870.2234516,51.229676961898804,0,0.0,0.0,0.0,-0.12,-0.74,9.63,0.2833333333333333,0.0,0.29385752233719936,-2.128613388573146,-2.2448115150372,0.1161981264640537,-0.20966666666666667,0.0,0.0,0.4,0.7292376695425442,0.0
1744469870.4359958,51.442198038101196,0,0.0,0.0,0.0,0.14,-0.61,9.65,0.27,0.01044446925415524,0.29421040152390265,-2.0719762252408267,-2.192960928098288,0.1209847028574611,-0.1647,0.002820006698621915,0.0,0.4,1.4423355758475425,0.0
1744469870.6238232,51.63003706932068,0,0.0,0.0,0.0,-0.07,-0.91,9.77,0.2911111111111111,-0.005254282457684719,0.26641432180452573,-2.018288914165398,-2.140559323918421,0.12227040975302295,-0.2649111111111111,-0.0015295800043482182,0.0,0.4,-1.384136697142144,0.0
1744469870.8292286,51.83543586730957,0,0.0,0.0,0.0,-0.24,-0.49,9.63,0.30666666666666664,0.0,0.23665136570852902,-1.9610617803816812,-2.086710060857399,0.12564828047571797,-0.15026666666666666,0.0,0.0,0.4,-5.154284317496033,0.0
1744469871.0244703,52.03064846992493,0,0.0,0.0,0.0,0.19,-0.3,10.11,0.33,0.005248255320440868,0.3843792629135534,-1.9002948238897246,-2.030785489767097,0.13049066587737235,-0.099,0.0017319242557454863,0.0,0.7234506935500895,0.6171246330330453,16.21042583056416
1744469871.2258077,52.231966495513916,0,0.0,0.0,0.0,-0.53,-0.76,10.11,0.6511111111111111,-0.010456030846754527,0.589072160377339,-1.7840706449681787,-1.9567710363274213,0.17270039135924264,-0.4948444444444444,-0.006808037862442392,0.0,0.4,-4.265417152224179,-16.14791032161205
1744469871.4245677,52.4307746887207,0,0.0,0.0,0.0,-0.06,-0.65,9.79,0.35777777777777775,0.00524850617522187,0.443535733114131,-1.6961650477128243,-1.8785892397430421,0.18242419203021787,-0.23255555555555554,0.0018777988760238244,0.0,0.8400000000000001,4.58051512394463,22.052598523050452
1744469871.630186,52.6363742351532,0,0.0,0.0,0.0,-0.02,-1.29,9.37,0.7622222222222222,1.4266263426007695e-13,0.769963750482147,-1.5722712529233533,-1.7866938436971354,0.214422590773782,-0.9832666666666667,1.0874063011379199e-13,0.0,0.7557382725847221,0.2992372956327506,-4.229577907165115
1744469871.8227072,52.828898191452026,0,0.0,0.0,0.0,0.06,0.27,10.26,0.8088888888888889,-0.005426233711527801,0.8865395923026307,-1.4165190537594503,-1.6756414067158298,0.25912235295637953,0.2184,-0.004389220157769155,0.0,1.0755915002347178,5.886894710680257,16.573538805441746
1744469872.026085,53.03216052055359,0,0.0,0.0,0.0,-0.15,0.21,7.81,1.0877777777777777,-0.0052098460124034435,1.2621035410600296,-1.1999998981036069,-1.5329489541321628,0.33294905602855596,0.22843333333333332,-0.005667154717936634,0.0,1.1958631603780998,1.3997965619694757,5.983558959825728
1744469872.2313316,53.237576723098755,0,0.0,0.0,0.0,0.04,-0.25,7.03,1.33,-0.010989866207290009,1.3002095231277662,-0.9398229290457372,-1.3550111466062351,0.41518821756049795,-0.3325,-0.014616522055695714,0.0,1.2,0.40388233574331556,0.21707405011127295
1744469872.425057,53.43124747276306,0,0.0,0.0,0.0,-0.04,-0.83,10.85,1.3211111111111111,-0.0104108009759219,1.290352797027611,-0.6755161668282299,-1.1511626526728336,0.4756464858446037,-1.0965222222222222,-0.013753824844856821,0.0,1.2,-1.6972857348658286,0.0
1744469872.6239111,53.6301109790802,0,0.0,0.0,0.0,-0.43,0.83,8.37,1.3644444444444443,0.0,1.3670154388781197,-0.4053097000969414,-0.927406766900066,0.5220970668031246,1.1324888888888887,0.0,0.0,1.2,0.05328744515013868,0.0
1744469872.8256495,53.83177852630615,0,0.0,0.0,0.0,0.02,-0.04,9.72,1.3777777777777778,-0.005268020626794506,1.3949125039898433,-0.1339232924628903,-0.6893617245689133,0.5554384321060231,-0.05511111111111111,-0.007258161752472431,0.0,1.2,3.61509902136365,0.0
1744469873.0243213,54.03052544593811,0,0.0,0.0,0.0,-0.26,-0.57,7.3,1.3466666666666667,-0.005246124023931214,1.2708920170586102,0.1351032333656354,-0.44202223718854866,0.5771254705541841,-0.7676,-0.0070647803522273685,0.0,0.7599999999999999,-1.0700585839743526,-22.04258946060867
1744469873.2286036,54.234795570373535,0,0.0,0.0,0.0,-1.16,0.47,7.86,0.7922222222222223,0.0,0.711110221856958,0.33569318683429505,-0.20870760998169552,0.5444007968159905,0.3723444444444444,0.0,0.0,0.31999999999999984,-3.8390195405419,-22.097752020595106
1744469873.4245033,54.43069386482239,0,0.0,0.0,0.0,-0.28,-0.77,9.78,0.28888888888888886,-0.010514350739206618,0.23694311524811895,0.4289085181520648,-0.017422771541567406,0.4463312896936322,-0.22244444444444442,-0.0030374791024374674,0.0,0.0,-4.409089005591219,-16.064552298651083
1744469873.6263876,54.632617235183716,0,0.0,0.0,0.0,-0.14,-0.69,9.85,0.0033333333333333335,0.0,0.0,0.43775807492273683,0.11913148239772389,0.3186265925250129,-0.0023,0.0,0.0,0.0,0.0,0.0
1744469873.824442,54.830628871917725,0,0.0,0.0,0.0,-0.11,-0.79,9.84,0.0,0.0,0.0,0.43775807492273683,0.2147194601552278,0.22303861476750902,-0.0,0.0,0.0,0.0,0.0,0.0
1744469874.0343938,55.04063701629639,0,0.0,0.0,0.0,-0.1,-0.77,9.83,0.0,0.0,0.0,0.43775807492273683,0.2816310445854805,0.15612703033725633,-0.0,0.0,0.0,0.0,0.0,0.0
1744469874.2302847,55.23647665977478,0,0.0,0.0,0.0,-0.11,-0.77,9.81,0.0011111111111111111,0.0,0.0,0.43775807492273683,0.3284691536866574,0.10928892123607942,-0.0008555555555555556,0.0,0.0,0.0,0.0,0.0
1744469874.4256454,55.43181753158569,0,0.0,0.0,0.0,-0.11,-0.77,9.82,0.0,0.0,0.0,0.43775807492273683,0.36125583005748124,0.07650224486525559,-0.0,0.0,0.0,0.0,0.0,0.0
1744469874.626559,55.63276720046997,0,0.0,0.0,0.0,-0.09,-0.78,9.84,0.0,0.0,0.0,0.43775807492273683,0.384206503517058,0.053551571405678844,-0.0,0.0,0.0,0.0,0.0,0.0
1744469874.8256884,55.83109664916992,0,0.0,0.0,0.0,-0.11,-0.8,9.83,0.0,0.0,0.0,0.43775807492273683,0.40027197493876165,0.037486099983975174,-0.0,0.0,0.0,0.0,0.0,0.0
1744469875.0256145,56.031811475753784,0,0.0,0.0,0.0,-0.09,-0.75,9.84,0.0011111111111111111,0.0,0.0,0.43775807492273683,0.4115178049339542,0.02624026998878265,-0.0008333333333333333,0.0,0.0,0.0,0.0,0.0
1744469875.2253735,56.231560707092285,0,0.0,0.0,0.0,-0.11,-0.78,9.81,0.0,0.0,0.0,0.43775807492273683,0.419389885930589,0.018368188992147816,-0.0,0.0,0.0,0.0,0.0,0.0
1744469875.4235244,56.42970943450928,0,0.0,0.0,0.0,-0.1,-0.77,9.83,0.0,0.0,0.0,0.43775807492273683,0.4249003426282334,0.012857732294503432,-0.0,0.0,0.0,0.0,0.0,0.0
1744469875.6244755,56.63068699836731,0,0.0,0.0,0.0,-0.13,-0.78,9.81,0.0,0.0,0.0,0.43775807492273683,0.4287576623165844,0.00900041260615242,-0.0,0.0,0.0,0.0,0.0,0.0
1744469875.8286195,56.834474086761475,0,0.0,0.0,0.0,-0.11,-0.77,9.83,0.0,0.0,0.0,0.43775807492273683,0.4314577860984301,0.006300288824306721,-0.0,0.0,0.0,0.0,0.0,0.0
1744469876.0242758,57.03045344352722,0,0.0,0.0,0.0,-0.08,-0.76,9.82,0.0,0.0,0.0,0.43775807492273683,0.4333478727457222,0.004410202177014655,-0.0,0.0,0.0,0.0,0.0,0.0
1744469876.2239385,57.23013973236084,0,0.0,0.0,0.0,-0.07,-0.79,9.83,0.0,0.0,0.0,0.43775807492273683,0.43467093339882656,0.003087141523910264,-0.0,0.0,0.0,0.0,0.0,0.0
1744469876.4229198,57.42914652824402,0,0.0,0.0,0.0,-0.11,-0.78,9.83,0.0,0.0,0.0,0.43775807492273683,0.4355970758559996,0.0021609990667372236,-0.0,0.0,0.0,0.0,0.0,0.0
1744469876.6313987,57.63762354850769,0,0.0,0.0,0.0,-0.09,-0.79,9.82,0.0,0.0,0.0,0.43775807492273683,0.43624537557602083,0.0015126993467159955,-0.0,0.0,0.0,0.0,0.0,0.0
1744469876.823938,57.83013153076172,0,0.0,0.0,0.0,-0.11,-0.79,9.85,0.0,0.0,0.0,0.43775807492273683,0.4366991853800356,0.0010588895427012246,-0.0,0.0,0.0,0.0,0.0,0.0
1744469877.0245907,58.030799865722656,0,0.0,0.0,0.0,-0.1,-0.76,9.81,0.0,0.0,0.0,0.43775807492273683,0.43701685224284603,0.0007412226798907962,-0.0,0.0,0.0,0.0,0.0,0.0
1744469877.2246454,58.23081088066101,0,0.0,0.0,0.0,-0.09,-0.78,9.79,0.0011111111111111111,0.0,0.0,0.43775807492273683,0.4372392190468133,0.0005188558759235407,-0.0008666666666666667,0.0,0.0,0.0,0.0,0.0
1744469877.4252226,58.431374073028564,0,0.0,0.0,0.0,-0.1,-0.79,9.82,0.0,0.0,0.0,0.43775807492273683,0.43739487580959036,0.0003631991131464729,-0.0,0.0,0.0,0.0,0.0,0.0
1744469877.6242077,58.6304292678833,0,0.0,0.0,0.0,-0.11,-0.77,9.83,0.0,0.0,0.0,0.43775807492273683,0.43750383554353434,0.0002542393792024922,-0.0,0.0,0.0,0.0,0.0,0.0
1744469877.8302903,58.8364896774292,0,0.0,0.0,0.0,-0.1,-0.78,9.8,0.0,0.0,0.0,0.43775807492273683,0.43758010735729513,0.00017796756544169456,-0.0,0.0,0.0,0.0,0.0,0.0
1744469878.0244985,59.03067946434021,0,0.0,0.0,0.0,-0.11,-0.77,9.83,0.0,0.0,0.0,0.43775807492273683,0.4376334976269276,0.00012457729580922505,-0.0,0.0,0.0,0.0,0.0,0.0
1744469878.2259614,59.23213195800781,0,0.0,0.0,0.0,-0.1,-0.8,9.83,0.0,0.0,0.0,0.43775807492273683,0.43767087081567035,8.720410706647419e-05,-0.0,0.0,0.0,0.0,0.0,0.0
1744469878.429719,59.433146715164185,0,0.0,0.0,0.0,-0.09,-0.8,9.81,0.0,0.0,0.0,0.43775807492273683,0.4376970320477903,6.104287494651528e-05,-0.0,0.0,0.0,0.0,0.0,0.0
1744469878.6243424,59.630428314208984,0,0.0,0.0,0.0,-0.1,-0.78,9.85,0.0,0.0,0.0,0.43775807492273683,0.4377153449102743,4.273001246252184e-05,-0.0,0.0,0.0,0.0,0.0,0.0
1744469878.8293433,59.835524797439575,0,0.0,0.0,0.0,-0.1,-0.78,9.83,0.0,0.0,0.0,0.43775807492273683,0.43772816391401304,2.9911008723793042e-05,-0.0,0.0,0.0,0.0,0.0,0.0
1744469879.0319424,60.038143157958984,0,0.0,0.0,0.0,-0.09,-0.77,9.84,0.0,0.0,0.0,0.43775807492273683,0.4377371372166302,2.0937706106616272e-05,-0.0,0.0,0.0,0.0,0.0,0.0
1744469879.223688,60.22988748550415,0,0.0,0.0,0.0,-0.09,-0.77,9.87,0.0,0.0,0.0,0.43775807492273683,0.4377434185284622,1.4656394274614737e-05,-0.0,0.0,0.0,0.0,0.0,0.0
1744469879.4258566,60.432032108306885,0,0.0,0.0,0.0,-0.08,-0.77,9.85,0.0,0.0,0.0,0.43775807492273683,0.43774781544674457,1.0259475992258071e-05,-0.0,0.0,0.0,0.0,0.0,0.0
1744469879.6293063,60.63548493385315,0,0.0,0.0,0.0,-0.11,-0.81,9.82,0.0,0.0,0.0,0.43775807492273683,0.4377508932895423,7.181633194519588e-06,-0.0,0.0,0.0,0.0,0.0,0.0
1744469879.8343353,60.84056806564331,0,0.0,0.0,0.0,-0.1,-0.77,9.83,0.0,0.0,0.0,0.43775807492273683,0.43775304777950064,5.027143236191467e-06,-0.0,0.0,0.0,0.0,0.0,0.0
1744469880.0256507,61.0318546295166,0,0.0,0.0,0.0,-0.11,-0.77,9.83,-0.0022222222222222222,0.0,0.0,0.43775807492273683,0.4377545559224715,3.5190002653506802e-06,0.0017111111111111112,-0.0,0.0,0.0,0.0,0.0
1744469880.2251058,61.231271743774414,0,0.0,0.0,0.0,-0.08,-0.8,9.82,0.0,0.0,0.0,0.43775807492273683,0.43775561162255106,2.4633001857732317e-06,-0.0,0.0,0.0,0.0,0.0,0.0
1744469880.4237125,61.429911375045776,0,0.0,0.0,0.0,-0.1,-0.78,9.84,0.0011111111111111111,0.0,0.0,0.43775807492273683,0.43775635061260676,1.7243101300690178e-06,-0.0008666666666666667,0.0,0.0,0.0,0.0,0.0
1744469880.624623,61.6308012008667,0,0.0,0.0,0.0,-0.08,-0.77,9.84,0.0,0.0,0.0,0.43775807492273683,0.43775686790564583,1.2070170909983524e-06,-0.0,0.0,0.0,0.0,0.0,0.0
1744469880.8240514,61.83026456832886,0,0.0,0.0,0.0,-0.11,-0.79,9.81,0.0,0.0,0.0,0.43775807492273683,0.43775723001077316,8.449119636710911e-07,-0.0,0.0,0.0,0.0,0.0,0.0
1744469881.025124,62.03130006790161,0,0.0,0.0,0.0,-0.1,-0.76,9.83,0.0,0.0,0.0,0.43775807492273683,0.4377574834843623,5.914383745531104e-07,-0.0,0.0,0.0,0.0,0.0,0.0
1744469881.225624,62.23182392120361,0,0.0,0.0,0.0,-0.1,-0.79,9.82,-0.0011111111111111111,0.0,0.0,0.43775807492273683,0.43775766091587465,4.140068621816262e-07,0.0008777777777777778,-0.0,0.0,0.0,0.0,0.0
1744469881.424615,62.43079161643982,0,0.0,0.0,0.0,-0.08,-0.78,9.85,0.0,0.0,0.0,0.43775807492273683,0.4377577851179333,2.898048035437917e-07,-0.0,0.0,0.0,0.0,0.0,0.0
1744469881.6240218,62.63019299507141,0,0.0,0.0,0.0,-0.11,-0.77,9.83,0.0,0.0,0.0,0.43775807492273683,0.43775787205937433,2.0286336249730752e-07,-0.0,0.0,0.0,0.0,0.0,0.0
1744469881.8317404,62.83794975280762,0,0.0,0.0,0.0,-0.12,-0.78,9.83,0.0,0.0,0.0,0.43775807492273683,0.43775793291838305,1.4200435377587084e-07,-0.0,0.0,0.0,0.0,0.0,0.0
1744469882.0245998,63.03080940246582,0,0.0,0.0,0.0,-0.1,-0.81,9.85,0.0,0.0,0.0,0.43775807492273683,0.4377579755196892,9.940304762645624e-08,-0.0,0.0,0.0,0.0,0.0,0.0
1744469882.2256486,63.23185968399048,0,0.0,0.0,0.0,-0.08,-0.77,9.84,0.0,0.0,0.0,0.43775807492273683,0.4377580053406035,6.958213333296825e-08,-0.0,0.0,0.0,0.0,0.0,0.0
1744469882.4248135,63.431002378463745,0,0.0,0.0,0.0,-0.08,-0.77,9.83,0.0,0.0,0.0,0.43775807492273683,0.4377580262152435,4.870749331642443e-08,-0.0,0.0,0.0,0.0,0.0,0.0
1744469882.6248558,63.63102960586548,0,0.0,0.0,0.0,-0.1,-0.78,9.84,0.0,0.0,0.0,0.43775807492273683,0.4377580408274915,3.409524534925268e-08,-0.0,0.0,0.0,0.0,0.0,0.0
1744469882.8245726,63.83079671859741,0,0.0,0.0,0.0,-0.09,-0.78,9.85,0.0,0.0,0.0,0.43775807492273683,0.43775805105606513,2.386667169451684e-08,-0.0,0.0,0.0,0.0,0.0,0.0
1744469883.0246563,64.03085255622864,0,0.0,0.0,0.0,-0.09,-0.79,9.84,0.0,0.0,0.0,0.43775807492273683,0.4377580582160666,1.6706670213917363e-08,-0.0,0.0,0.0,0.0,0.0,0.0
1744469883.2284915,64.23465967178345,0,0.0,0.0,0.0,-0.1,-0.78,9.84,0.0,0.0,0.0,0.43775807492273683,0.43775806322806765,1.169466917749773e-08,-0.0,0.0,0.0,0.0,0.0,0.0
1744469883.4327316,64.43894290924072,0,0.0,0.0,0.0,-0.09,-0.79,9.86,0.0,0.0,0.0,0.43775807492273683,0.43775806673646844,8.186268385390605e-09,-0.0,0.0,0.0,0.0,0.0,0.0
1744469883.6294317,64.63564729690552,0,0.0,0.0,0.0,-0.11,-0.78,9.85,0.0,0.0,0.0,0.43775807492273683,0.43775806919234894,5.730387886426769e-09,-0.0,0.0,0.0,0.0,0.0,0.0
1744469883.825301,64.83147501945496,0,0.0,0.0,0.0,-0.09,-0.8,9.83,0.0,0.0,0.0,0.43775807492273683,0.43775807091146535,4.011271481640932e-09,-0.0,0.0,0.0,0.0,0.0,0.0
1744469884.0238647,65.0300805568695,0,0.0,0.0,0.0,-0.09,-0.79,9.84,0.0,0.0,0.0,0.43775807492273683,0.43775807211484685,2.8078899760863862e-09,-0.0,0.0,0.0,0.0,0.0,0.0
1744469884.2307718,65.23697590827942,0,0.0,0.0,0.0,-0.1,-0.77,9.83,0.0,0.0,0.0,0.43775807492273683,0.4377580729572138,1.9655230221182762e-09,-0.0,0.0,0.0,0.0,0.0,0.0
1744469884.4262202,65.43203902244568,0,0.0,0.0,0.0,-0.09,-0.79,9.83,0.0,0.0,0.0,0.43775807492273683,0.4377580735468707,1.375866143238369e-09,-0.0,0.0,0.0,0.0,0.0,0.0
